{
  "stageSize": {
    "width": 1228.8000000000002,
    "height": 1080
  },
  "elements": [
    {
      "x": 63.58946765329108,
      "y": 172.9428663328183,
      "width": 545.6745816374,
      "height": 771.8926154814767,
      "rotation": 0,
      "imgName": "image_3.png"
    },
    {
      "x": 573.3291730520648,
      "y": 178.45529636124374,
      "width": 499.7065122506772,
      "height": 706.8677554246271,
      "rotation": 0,
      "imgName": "image_16.png"
    },
    {
      "x": 20,
      "y": 20,
      "width": 238.69135053151172,
      "height": 337.77834814711406,
      "rotation": 0,
      "imgName": "image_33.png"
    },
    {
      "x": 159.37599353368705,
      "y": 188.41190145235453,
      "width": 421.83842567604654,
      "height": 596.9545452424054,
      "rotation": 0,
      "imgName": "image_46.png"
    },
    {
      "x": 448.2712442434044,
      "y": 82.94163233624387,
      "width": 471.96861599453996,
      "height": 667.8950834746263,
      "rotation": 0,
      "imgName": "image_59.png"
    },
    {
      "x": 1635,
      "y": 20,
      "width": 238.69135053151172,
      "height": 337.77834814711406,
      "rotation": 0,
      "imgName": "image_72.png"
    },
    {
      "x": 2180,
      "y": 20,
      "width": 238.69135053151172,
      "height": 337.77834814711406,
      "rotation": 0,
      "imgName": "image_85.png"
    },
    {
      "x": 2725,
      "y": 20,
      "width": 238.69135053151172,
      "height": 337.77834814711406,
      "rotation": 0,
      "imgName": "image_98.png"
    }
  ]
}