{
  "stageSize": {
    "width": 2457.6000000000004,
    "height": 2160
  },
  "elements": [
    {
      "x": 20,
      "y": 20,
      "width": 328.2986138613861,
      "height": 464.4,
      "rotation": 0,
      "imgName": "image_3.png"
    },
    {
      "x": 1471.8815359957825,
      "y": 163.59031468479967,
      "width": 328.29861386138583,
      "height": 464.4000000000002,
      "rotation": 31.088566688513048,
      "imgName": "image_16.png"
    },
    {
      "x": 425.8739529526489,
      "y": 167.3553715227,
      "width": 749.3053349194637,
      "height": 969.6892569546001,
      "rotation": 0,
      "imgName": "image_33.png"
    }
  ]
}